1,2.3
9,5
13,5
17,5.5
18,5
21,5
23,5
25,5
26,6.6
28,5
29,5
31,5
32,5
33,5
36,5
37,5
38,5
40,5
41,5
46,5.2
48,5
50,5
51,5
53,5
54,5
55,5
56,5
59,5
62,5
69,5
70,5
72,5
81,5
82,5
83,5
85,5
86,5
89,5
95,5
96,5
98,5
100,5
102,5
103,5
104,5
107,5
108,5
109,5
110,5
111,5
112,5
116,5
118,5
120,5
121,5
128,5
129,5
130,5
132,5
135,5
137,5
138,5
139,5
140,5
142,5
143,5
144,5
146,5
148,5
151,5
152,5
153,5
154,5
155,5
159,5
161,5
162,5
163,5
165,5
167,5
168,5
177,5
196,5
197,5
198,5
200,5
201,5
203,5
207,5
209,5
210,5
211,5
212,5
213,5
217,5
220,5
221,5
225,5
230,5
235,5
237,5
241,5
242,5
243,5
244,5
246,5
250,5
251,5
252,5
255,5
256,5
260,5
263,5
264,5
265,5
266,5
268,5
271,5
272,5
276,5
277,5
278,5
279,5
282,5
284,5
289,5
291,5
292,5
298,5
300,5
301,5
304,5
305,5
307,5
308,5
310,5
312,5
313,5
315,5
320,5
324,5
326,5
327,5
329,5
332,5
336,5
337,5
340,5
342,5
343,5
344,5
345,5
347,5
349,5
350,5
351,5
355,5
356,5
358,5
359,5
362,5
363,5
366,5
392,5
394,5
397,5
398,5
403,5
406,5
407,5
408,5
410,5
415,5
416,5
417,5
418,5
419,5
420,5
421,5
428,5
430,5
431,5
432,5
437,5
439,5
441,5
442,5
443,5
444,5
445,5
448,5
449,5
451,5
453,5
457,5
458,5
459,5
461,5
464,5
465,5
468,5
470,5
471,5
472,5
473,5
474,5
475,5
477,5
478,5
481,5
482,5
483,5
484,5
486,5
487,5
489,5
492,5
493,5
496,5
499,5
501,5
507,5
514,5
516,5
519,5
520,5
525,5
529,5
530,5
531,5
533,5
535,5
538,5
539,5
541,5
543,5
544,5
545,5
549,5
552,5
553,5
554,5
555,5
577,5
578,5
579,5
580,5
581,5
588,5
590,5
591,5
593,5
594,5
595,5
597,5
598,5
600,5
602,5
603,5
604,5
605,5
606,5
607,5
609,5
612,5
613,5
615,5
618,5
621,5
622,5
624,5
626,5
628,5
630,5
631,5
634,5
635,5
638,5
639,5
641,5
642,5
644,5
645,5
646,5
647,5
650,5
651,5
654,5
655,5
657,5
659,5
660,5
666,5
667,5
668,5
671,5
673,5
674,5
675,5
677,5
678,5
680,5
681,5
682,5
684,5
687,5
688,5
689,5
690,5
691,5
693,5
695,5
699,5
700,5
703,5
704,5
705,5
708,5
710,5
711,5
713,5
714,5
716,5
719,5
720,5
721,5
723,5
727,5
732,5
736,5
737,5
739,5
740,5
741,5
746,5
759,5
760,5
762,5
767,5
768,5
773,5
776,5
777,5
781,5
782,5
785,5
787,5
788,5
790,5
791,5
792,5
796,5
797,5
799,5
800,5
801,5
807,5
808,5
809,5
811,5
812,5
813,5
815,5
820,5
821,5
822,5
823,5
825,5
826,5
831,5
834,5
835,5
837,5
840,5
841,5
842,5
843,5
845,5
847,5
849,5
854,5
856,5
857,5
858,5
859,5
860,5
862,5
864,5
866,5
867,5
872,5
873,5
874,5
875,5
879,5
882,5
884,5
885,5
886,5
887,5
889,5
890,5
891,5
892,5
894,5
897,5
898,5
902,5
905,5
906,5
907,5
908,5
909,5
910,5
913,5
914,5
916,5
918,5
919,5
920,5
921,5
922,5
923,5
924,5
927,5
940,5
947,5
948,5
950,5
951,5
958,5
959,5
961,5
963,5
964,5
965,5
966,5
967,5
968,5
970,5
971,5
972,5
974,5
976,5
977,5
979,5
983,5
986,5
987,5
989,5
990,5
992,5
993,5
994,5
995,5
996,5
1005,5
1007,5
1009,5
1011,5
1018,5
1020,5
1021,5
1022,5
1025,5
1028,5
1030,5
1031,5
1037,5
1042,5
1043,5
1044,5
1045,5
1049,5
1051,5
1055,5
1056,5
1057,5
1059,5
1060,5
1062,5
1063,5
1066,5
1068,5
1069,5
1070,5
1071,5
1072,5
1076,5
1077,5
1078,5
1079,5
1081,5
1082,5
1084,5
1086,5
1088,5
1089,5
1090,5
1092,5
1095,5
1096,5
1097,5
1101,5
1105,5
1106,5
1109,5
1134,5
1138,5
1140,5
1147,5
1149,5
1152,5
1153,5
1156,5
1158,5
1159,5
1160,5
1161,5
1166,5
1167,5
1170,5
1171,5
1174,5
1175,5
1176,5
1178,5
1179,5
1182,5
1186,5
1187,5
1188,5
1189,5
1191,5
1194,5
1196,5
1197,5
1200,5
1202,5
1204,5
1207,5
1208,5
1210,5
1211,5
1212,5
1214,5
1216,5
1217,5
1218,5
1219,5
1221,5
1222,5
1223,5
1224,5
1227,5
1229,5
1230,5
1232,5
1233,5
1235,5
1239,5
1240,5
1242,5
1246,5
1248,5
1251,5
1252,5
1254,5
1258,5
1259,5
1260,5
1261,5
1262,5
1264,5
1265,5
1266,5
1267,5
1272,5
1273,5
1274,5
1277,5
1278,5
1280,5
1283,5
1285,5
1287,5
1288,5
1289,5
1291,5
1293,5
1294,5
1295,5
1296,5
1300,5
1301,5
1302,5
1326,5
1332,5
1334,5
1335,5
1336,5
1338,5
1339,5
1340,5
1341,5
1342,5
1346,5
1348,5
1350,5
1353,5
1354,5
1356,5
1357,5
1358,5
1361,5
1365,5
1370,5
1371,5
1372,5
1376,5
1377,5
1380,5
1381,5
1383,5
1385,5
1386,5
1389,5
1392,5
1393,5
1395,5
1399,5
1400,5
1403,5
1405,5
1410,5
1411,5
1415,5
1416,5
1418,5
1423,5
1425,5
1426,5
1429,5
1432,5
1433,5
1436,5
1437,5
1439,5
1440,5
1441,5
1442,5
1443,5
1446,5
1448,5
1452,5
1453,5
1457,5
1459,5
1460,5
1461,5
1463,5
1464,5
1466,5
1467,5
1469,5
1470,5
1471,5
1473,5
1475,5
1479,5
1480,5
1485,5
1489,5
1515,5
1516,5
1518,5
1521,5
1522,5
1523,5
1527,5
1529,5
1530,5
1533,5
1534,5
1543,5
1544,5
1546,5
1551,5
1552,5
1554,5
1556,5
1560,5
1561,5
1562,5
1565,5
1566,5
1569,5
1570,5
1571,5
1572,5
1573,5
1575,5
1577,5
1578,5
1579,5
1580,5
1581,5
1588,5
1590,5
1592,5
1596,5
1598,5
1599,5
1600,5
1604,5
1605,5
1606,5
1610,5
1616,5
1620,5
1623,5
1624,5
1626,5
1628,5
1629,5
1632,5
1634,5
1636,5
1637,5
1638,5
1641,5
1642,5
1644,5
1645,5
1648,5
1649,5
1651,5
1654,5
1655,5
1656,5
1657,5
1663,5
1665,5
1668,5
1669,5
1670,5
1679,5
1681,5
1682,5
1683,5
1684,5
1685,5
1686,5
1687,5
1694,5
1699,5
1702,5
1705,5
1711,5
1712,5
1714,5
1715,5
1716,5
1717,5
1718,5
1719,5
1722,5
1723,5
1724,5
1727,5
1730,5
1732,5
1733,5
1735,5
1737,5
1739,5
1740,5
1742,5
1743,5
1746,5
1747,5
1750,5
1751,5
1753,5
1754,5
1755,5
1756,5
1757,5
1760,5
1762,5
1763,5
1764,5
1765,5
1768,5
1769,5
1772,5
1774,5
1776,5
1777,5
1781,5
1785,5
1786,5
1787,5
1788,5
1789,5
1791,5
1792,5
1793,5
1799,5
1800,5
1810,5
1812,5
1815,5
1816,5
1823,5
1825,5
1827,5
1831,5
1833,5
1834,5
1835,5
1836,5
1837,5
1838,5
1839,5
1841,5
1842,5
1843,5
1847,5
1848,5
1849,5
1850,5
1852,5
1853,5
1856,5
1860,5
1862,5
1863,5
1864,5
1867,5
1869,5
1879,5
1887,5
1890,5
1892,5
1895,5
1896,5
1897,5
1898,5
1899,5
1901,5
1902,5
1904,5
1905,5
1906,5
1908,5
1912,5
1915,5
1916,5
1917,5
1918,5
1921,5
1924,5
1926,5
1927,5
1929,5
1935,5
1937,5
1939,5
1941,5
1942,5
1943,5
1947,5
1949,5
1956,5
1957,5
1958,5
1959,5
1960,5
1962,5
1963,5
1966,5
1968,5
1971,5
1972,5
1973,5
1977,5
1978,5
1983,5
1984,5
1985,5
1986,5
1987,5
1988,5
1990,5
1991,5
1992,5
1998,5
1999,5
2001,5
2003,5
2005,5
2007,5
2008,5
2011,5
2018,5
2019,5
2020,5
2022,5
2023,5
2027,5
2034,5
2039,5
2040,5
2041,5
2044,5
2046,5
2048,5
2050,5
2051,5
2054,5
2060,5
2077,5
2078,5
2081,5
2083,5
2084,5
2086,5
2091,5
2093,5
2097,5
2099,5
2100,5
2102,5
2103,5
2104,5
2109,5
2110,5
2111,5
2112,5
2113,5
2116,5
2117,5
2118,5
2119,5
2120,5
2121,5
2122,5
2124,5
2127,5
2130,5
2135,5
2136,5
2137,5
2138,5
2139,5
2142,5
2143,5
2144,5
2147,5
2149,5
2150,5
2155,5
2156,5
2160,5
2164,5
2165,5
2166,5
2167,5
2168,5
2169,5
2172,5
2177,5
2178,5
2184,5
2185,5
2186,5
2188,5
2192,5
2193,5
2194,5
2196,5
2199,5
2200,5
2201,5
2207,5
2209,5
2211,5
2215,5
2216,5
2219,5
2221,5
2223,5
2225,5
2226,5
2227,5
2229,5
2232,5
2234,5
2236,5
2237,5
2241,5
2242,5
2243,5
2245,5
2246,5
2247,5
2249,5
2264,5
2267,5
2269,5
2270,5
2271,5
2272,5
2273,5
2276,5
2279,5
2280,5
2281,5
2286,5
2292,5
2295,5
2296,5
2297,5
2299,5
2305,5
2306,5
2308,5
2309,5
2310,5
2311,5
2313,5
2314,5
2316,5
2317,5
2320,5
2321,5
2322,5
2324,5
2325,5
2329,5
2330,5
2331,5
2334,5
2335,5
2336,5
2337,5
2338,5
2340,5
2342,5
2343,5
2344,5
2348,5
2351,5
2352,5
2354,5
2357,5
2358,5
2359,5
2360,5
2361,5
2362,5
2365,5
2366,5
2368,5
2371,5
2373,5
2376,5
2377,5
2378,5
2380,5
2382,5
2385,5
2388,5
2390,5
2391,5
2392,5
2394,5
2396,5
2397,5
2398,5
2400,5
2402,5
2403,5
2407,5
2408,5
2412,5
2419,5
2421,5
2422,5
2423,5
2425,5
2427,5
2432,5
2433,5
2452,5
2453,5
2456,5
2457,5
2458,5
2459,5
2461,5
2462,5
2463,5
2466,5
2470,5
2472,5
2473,5
2475,5
2476,5
2478,5
2480,5
2482,5
2485,5
2486,5
2487,5
2488,5
2489,5
2491,5
2492,5
2495,5
2496,5
2499,5
2501,5
2502,5
2503,5
2507,5
2509,5
2510,5
2511,5
2517,5
2518,5
2520,5
2523,5
2525,5
2526,5
2527,5
2530,5
2532,5
2533,5
2534,5
2536,5
2538,5
2542,5
2543,5
2545,5
2548,5
2549,5
2550,5
2551,5
2552,5
2553,5
2554,5
2555,5
2559,5
2560,5
2561,5
2564,5
2566,5
2568,5
2570,5
2573,5
2575,5
2577,5
2578,5
2579,5
2581,5
2583,5
2586,5
2589,5
2590,5
2592,5
2593,5
2594,5
2595,5
2597,5
2598,5
2600,5
2602,5
2603,5
2604,5
2606,5
2608,5
2611,5
2616,5
2620,5
2624,5
2640,5
2642,5
2643,5
2644,5
2646,5
2649,5
2652,5
2653,5
2654,5
2656,5
2658,5
2659,5
2661,5
2667,5
2671,5
2673,5
2674,5
2675,5
2676,5
2677,5
2679,5
2680,5
2683,5
2684,5
2686,5
2687,5
2689,5
2690,5
2694,5
2695,5
2696,5
2697,5
2699,5
2700,5
2703,5
2705,5
2707,5
2708,5
2709,5
2711,5
2714,5
2715,5
2717,5
2719,5
2721,5
2722,5
2724,5
2725,5
2731,5
2733,5
2734,5
2736,5
2738,5
2740,5
2741,5
2743,5
2744,5
2745,5
2753,5
2756,5
2758,5
2759,5
2760,5
2763,5
2764,5
2767,5
2769,5
2770,5
2771,5
2773,5
2774,5
2775,5
2776,5
2781,5
2783,5
2785,5
2787,5
2788,5
2791,5
2792,5
2794,5
2795,5
2796,5
2798,5
2803,5
2806,5
2807,5
2808,5
2814,5
2823,5
2834,5
2836,5
2837,5
2839,5
2840,5
2841,5
2846,5
2847,5
2849,5
2850,5
2853,5
2854,5
2855,5
2858,5
2861,5
2862,5
2866,5
2867,5
2871,5
2873,5
2877,5
2878,5
2882,5
2883,5
2884,5
2887,5
2888,5
2889,5
2890,5
2891,5
2895,5
2896,5
2897,5
2905,5
2906,5
2907,5
2912,5
2913,5
2914,5
2915,5
2916,5
2917,5
2920,5
2921,5
2925,5
2926,5
2930,5
2932,5
2942,5
2943,5
2945,5
2946,5
2947,5
2949,5
2950,5
2953,5
2954,5
2955,5
2958,5
2961,5
2963,5
2964,5
2966,5
2968,5
2970,5
2976,5
2977,5
2978,5
2979,5
2980,5
2983,5
2988,5
2990,5
2993,5
2996,5
2997,5
3000,5
3002,5
3022,5
3025,5
3027,5
3028,5
3031,5
3032,5
3035,5
3037,5
3038,5
3039,5
3040,5
3041,5
3046,5
3047,5
3050,5
3063,5
3064,5
3068,5
3069,5
3070,5
3075,5
3076,5
3081,5
3083,5
3087,5
3090,5
3091,5
3095,5
3096,5
3097,5
3099,5
3105,5
3107,5
3108,5
3109,5
3111,5
3112,5
3114,5
3121,5
3123,5
3127,5
3128,5
3129,5
3130,5
3131,5
3132,5
3134,5
3135,5
3138,5
3141,5
3142,5
3146,5
3150,5
3151,5
3153,5
3156,5
3162,5
3163,5
3164,5
3165,5
3169,5
3170,5
3171,5
3173,5
3177,5
3178,5
3179,5
3181,5
3184,5
3185,5
3187,5
3193,5
3202,5
3207,5
3211,5
3212,5
3214,5
3215,5
3218,5
3222,5
3223,5
3224,5
3227,5
3231,5
3233,5
3234,5
3237,5
3238,5
3239,5
3243,5
3244,5
3245,5
3246,5
3248,5
3249,5
3250,5
3252,5
3261,5
3264,5
3265,5
3266,5
3271,5
3272,5
3273,5
3276,5
3279,5
3281,5
3282,5
3289,5
3293,5
3295,5
3300,5
3301,5
3303,5
3307,5
3312,5
3316,5
3322,5
3324,5
3332,5
3334,5
3335,5
3336,5
3337,5
3339,5
3342,5
3344,5
3345,5
3347,5
3348,5
3350,5
3351,5
3352,5
3353,5
3355,5
3356,5
3357,5
3359,5
3360,5
3364,5
3368,5
3370,5
3371,5
3372,5
3373,5
3386,5
3389,5
3393,5
3395,5
3396,5
3397,5
3398,5
3400,5
3404,5
3406,5
3419,5
3420,5
3421,5
3422,5
3424,5
3427,5
3428,5
3429,5
3432,5
3434,5
3436,5
3437,5
3438,5
3439,5
3441,5
3442,5
3444,5
3445,5
3447,5
3449,5
3452,5
3454,5
3457,5
3458,5
3459,5
3460,5
3462,5
3464,5
3466,5
3468,5
3470,5
3472,5
3475,5
3479,5
3480,5
3488,5
3497,5
3500,5
3502,5
3511,5
3514,5
3517,5
3518,5
3519,5
3520,5
3522,5
3525,5
3526,5
3527,5
3529,5
3532,5
3533,5
3534,5
3537,5
3541,5
3542,5
3543,5
3544,5
3545,5
3546,5
3547,5
3548,5
3549,5
3550,5
3553,5
3554,5
3555,5
3560,5
3561,5
3573,5
3575,5
3576,5
3577,5
3578,5
3579,5
3584,5
3585,5
3588,5
3590,5
3591,5
3592,5
3594,5
3597,5
3598,5
3600,5
3602,5
3604,5
3609,5
3610,5
3611,5
3613,5
3615,5
3616,5
3621,5
3623,5
3626,5
3627,5
3631,5
3632,5
3633,5
3634,5
3635,5
3638,5
3641,5
3643,5
3645,5
3647,5
3649,5
3652,5
3655,5
3656,5
3658,5
3661,5
3662,5
3665,5
3671,5
3675,5
3676,5
3678,5
3682,5
3684,5
3688,5
3689,5
3690,5
3692,5
3693,5
3694,5
3699,5
3705,5
3707,5
3708,5
3710,5
3712,5
3716,5
3717,5
3720,5
3721,5
3724,5
3725,5
3727,5
3728,5
3729,5
3732,5
3735,5
3736,5
3738,5
3739,5
3740,5
3741,5
3743,5
3744,5
3750,5
3751,5
3753,5
3757,5
3762,5
3763,5
3764,5
3765,5
3766,5
3767,5
3769,5
3771,5
3773,5
3774,5
3776,5
3777,5
3781,5
3782,5
3783,5
3784,5
3785,5
3789,5
3791,5
3793,5
3794,5
3796,5
3797,5
3798,5
3800,5
3801,5
3803,5
3804,5
3809,5
3810,5
3811,5
3812,5
3816,5
3817,5
3818,5
3820,5
3821,5
3822,5
3823,5
3825,5
3828,5
3829,5
3831,5
3832,5
3834,5
3835,5
3837,5
3839,5
3842,5
3848,5
3852,5
3856,5
3859,5
3860,5
3863,5
3865,5
3869,5
3871,5
3873,5
3875,5
3876,5
3878,5
3880,5
3881,5
3882,5
3883,5
3885,5
3888,5
3889,5
3891,5
3892,5
3894,5
3897,5
3899,5
3902,5
3903,5
3904,5
3908,5
3911,5
3912,5
3914,5
3915,5
3929,5
3933,5
3939,5
3941,5
3942,5
3943,5
3946,5
3947,5
3951,5
3953,5
3956,5
3957,5
3959,5
3962,5
3966,5
3968,5
3972,5
3975,5
3976,5
3977,5
3979,5
3980,5
3983,5
3986,5
3987,5
3990,5
3993,5
3994,5
3998,5
3999,5
4002,5
4003,5
4004,5
4005,5
4008,5
4010,5
4013,5
4018,5
4019,5
4020,5
4021,5
4024,5
4029,5
4030,5
4031,5
4033,5
4037,5
4038,5
4040,5
4045,5
4047,5
4048,5
4049,5
4051,5
4053,5
4055,5
4060,5
4063,5
4066,5
4067,5
4070,5
4071,5
4073,5
4074,5
4075,5
4076,5
4077,5
4079,5
4080,5
4097,5
4098,5
4099,5
4101,5
4102,5
4106,5
4107,5
4111,5
4112,5
4115,5
4118,5
4119,5
4121,5
4127,5
4129,5
4132,5
4133,5
4137,5
4138,5
4139,5
4140,5
4143,5
4144,5
4146,5
4148,5
4149,5
4150,5
4151,5
4154,5
4155,5
4156,5
4158,5
4163,5
4164,5
4166,5
4169,5
4170,5
4172,5
4174,5
4176,5
4177,5
4179,5
4183,5
4184,5
4185,5
4187,5
4188,5
4189,5
4191,5
4194,5
4200,5
4201,5
4202,5
4203,5
4205,5
4207,5
4208,5
4210,5
4212,5
4215,5
4216,5
4218,5
4221,5
4223,5
4224,5
4225,5
4226,5
4229,5
4230,5
4231,5
4232,5
4233,5
4236,5
4237,5
4238,5
4239,5
4240,5
4241,5
4243,5
4244,5
4246,5
4248,5
4249,5
4250,5
4258,5
4259,5
4260,5
4262,5
4266,5
4268,5
4298,5
4299,5
4302,5
4303,5
4306,5
4307,5
4308,5
4309,5
4311,5
4316,5
4317,5
4318,5
4319,5
4320,5
4324,5
4326,5
4329,5
4331,5
4336,5
4337,5
4339,5
4344,5
4351,5
4361,5
4367,5
4368,5
4370,5
4373,5
4375,5
4377,5
4378,5
4380,5
4381,5
4382,5
4383,5
4385,5
4387,5
4388,5
4389,5
4392,5
4393,5
4394,5
4396,5
4397,5
4398,5
4399,5
4402,5
4403,5
4405,5
4406,5
4407,5
4408,5
4409,5
4410,5
4411,5
4412,5
4415,5
4418,5
4420,5
4422,5
4427,5
4432,5
4433,5
4437,5
4441,5
4442,5
4444,5
4448,5
4449,5
4451,5
4452,5
4453,5
4454,5
4459,5
4465,5
4467,5
4468,5
4469,5
4471,5
4473,5
4477,5
4481,5
4483,5
4484,5
4485,5
4486,5
4487,5
4489,5
4493,5
4497,5
4500,5
4501,5
4502,5
4503,5
4505,5
4506,5
4508,5
4510,5
4511,5
4512,5
4515,5
4517,5
4521,5
4522,5
4523,5
4524,5
4529,5
4530,5
4531,5
4533,5
4534,5
4539,5
4543,5
4544,5
4545,5
4546,5
4548,5
4549,5
4552,5
4554,5
4555,5
4556,5
4558,5
4561,5
4563,5
4564,5
4568,5
4573,5
4575,5
4581,5
4582,5
4584,5
4585,5
4587,5
4588,5
4590,5
4591,5
4592,5
4596,5
4598,5
4601,5
4602,5
4605,5
4606,5
4608,5
4609,5
4614,5
4615,5
4618,5
4620,5
4622,5
4625,5
4627,5
4628,5
4629,5
4632,5
4633,5
4634,5
4635,5
4636,5
4637,5
4640,5
4648,5
4654,5
4661,5
4662,5
4663,5
4664,5
4666,5
4668,5
4669,5
4670,5
4671,5
4673,5
4676,5
4677,5
4679,5
4687,5
4688,5
4691,5
4694,5
4697,5
4701,5
4702,5
4703,5
4708,5
4709,5
4710,5
4711,5
4713,5
4714,5
4718,5
4722,5
4723,5
4725,5
4729,5
4732,5
4733,5
4735,5
4736,5
4737,5
4738,5
4739,5
4743,5
4747,5
4748,5
4752,5
4753,5
4755,5
4756,5
4758,5
4760,5
4764,5
4765,5
4766,5
4768,5
4769,5
4771,5
4772,5
4773,5
4775,5
4778,5
4779,5
4781,5
4782,5
4783,5
4785,5
4788,5
4790,5
4795,5
4796,5
4803,5
4809,5
4821,5
4835,5
4836,5
4841,5
4845,5
4846,5
4847,5
4848,5
4849,5
4850,5
4851,5
4854,5
4858,5
4859,5
4864,5
4865,5
4866,5
4868,5
4873,5
4874,5
4875,5
4879,5
4881,5
4883,5
4886,5
4888,5
4892,5
4894,5
4897,5
4898,5
4899,5
4901,5
4902,5
4904,5
4910,5
4914,5
4920,5
4921,5
4924,5
4927,5
4930,5
4933,5
4935,5
4936,5
4937,5
4938,5
4940,5
4944,5
4946,5
4948,5
4949,5
4952,5
4955,5
4956,5
4958,5
4959,5
4960,5
4963,5
4964,5
4966,5
4967,5
4969,5
4974,5
4976,5
4977,5
4979,5
4981,5
4987,5
4988,5
4989,5
4990,5
4991,5
4992,5
4994,5
4995,5
4997,5
4999,5
5000,5
5010,5
5013,5
5018,5
5020,5
5022,5
5023,5
5028,5
5030,5
5031,5
5033,5
5035,5
5036,5
5037,5
5038,5
5039,5
5041,5
5044,5
5045,5
5046,5
5047,5
5048,5
5049,5
5068,5
5074,5
5077,5
5084,5
5085,5
5087,5
5089,5
5090,5
5091,5
5092,5
5094,5
5095,5
5096,5
5097,5
5098,5
5100,5
5103,5
5104,5
5105,5
5106,5
5107,5
5111,5
5113,5
5118,5
5120,5
5122,5
5123,5
5124,5
5125,5
5126,5
5130,5
5133,5
5135,5
5138,5
5142,5
5145,5
5146,5
5148,5
5154,5
5155,5
5157,5
5158,5
5160,5
5163,5
5164,5
5167,5
5168,5
5172,5
5177,5
5181,5
5182,5
5183,5
5185,5
5186,5
5190,5
5192,5
5193,5
5194,5
5197,5
5199,5
5202,5
5204,5
5205,5
5206,5
5208,5
5209,5
5210,5
5212,5
5213,5
5214,5
5217,5
5219,5
5224,5
5225,5
5228,5
5230,5
5232,5
5233,5
5241,5
5242,5
5243,5
5244,5
5245,5
5247,5
5251,5
5252,5
5255,5
5256,5
5257,5
5258,5
5259,5
5261,5
5265,5
5267,5
5268,5
5271,5
5281,5
5292,5
5302,5
5303,5
5304,5
5307,5
5308,5
5309,5
5311,5
5313,5
5318,5
5323,5
5324,5
5325,5
5326,5
5331,5
5332,5
5335,5
5339,5
5340,5
5341,5
5346,5
5360,5
5362,5
5364,5
5365,5
5366,5
5369,5
5371,5
5372,5
5375,5
5376,5
5377,5
5379,5
5381,5
5383,5
5384,5
5385,5
5386,5
5392,5
5393,5
5395,5
5398,5
5399,5
5401,5
5403,5
5409,5
5419,5
5421,5
5424,5
5426,5
5427,5
5428,5
5432,5
5434,5
5437,5
5440,5
5443,5
5444,5
5445,5
5446,5
5447,5
5448,5
5449,5
5452,5
5457,5
5462,5
5463,5
5464,5
5465,5
5467,5
5469,5
5470,5
5477,5
5478,5
5480,5
5482,5
5487,5
5489,5
5491,5
5493,5
5495,5
5497,5
5501,5
5508,5
5511,5
5515,5
5516,5
5517,5
5519,5
5520,5
5522,5
5523,5
5524,5
5526,5
5528,5
5529,5
5532,5
5533,5
5536,5
5542,5
5543,5
5546,5
5547,5
5548,5
5549,5
5551,5
5552,5
5553,5
5554,5
5555,5
5556,5
5558,5
5560,5
5564,5
5565,5
5568,5
5569,5
5572,5
5576,5
5578,5
5581,5
5583,5
5585,5
5586,5
5589,5
5593,5
5595,5
5596,5
5600,5
5601,5
5602,5
5606,5
5609,5
5610,5
5613,5
5615,5
5621,5
5622,5
5623,5
5624,5
5625,5
5626,5
5632,5
5634,5
5635,5
5636,5
5638,5
5639,5
5641,5
5643,5
5644,5
5648,5
5649,5
5650,5
5653,5
5654,5
5656,5
5657,5
5659,5
5661,5
5663,5
5665,5
5666,5
5667,5
5668,5
5669,5
5670,5
5673,5
5674,5
5677,5
5679,5
5680,5
5687,5
5691,5
5692,5
5699,5
5704,5
5708,5
5709,5
5710,5
5711,5
5716,5
5717,5
5719,5
5720,5
5721,5
5722,5
5723,5
5724,5
5727,5
5729,5
5730,5
5731,5
5733,5
5734,5
5739,5
5743,5
5745,5
5747,5
5748,5
5752,5
5754,5
5755,5
5757,5
5759,5
5761,5
5763,5
5764,5
5769,5
5770,5
5771,5
5774,5
5776,5
5779,5
5781,5
5783,5
5788,5
5790,5
5791,5
5793,5
5794,5
5796,5
5797,5
5799,5
5801,5
5802,5
5804,5
5806,5
5809,5
5810,5
5816,5
5817,5
5818,5
5820,5
5824,5
5825,5
5827,5
5828,5
5829,5
5830,5
5834,5
5836,5
5837,5
5838,5
5840,5
5842,5
5843,5
5844,5
5845,5
5846,5
5847,5
5851,5
5852,5
5853,5
5855,5
5857,5
5861,5
5866,5
5869,5
5870,5
5871,5
5873,5
5875,5
5876,5
5878,5
5879,5
5880,5
5884,5
5885,5
5886,5
5887,5
5888,5
5892,5
5894,5
5895,5
5899,5
5900,5
5901,5
5902,5
5903,5
5904,5
5911,5
5919,5
5923,5
5925,5
5928,5
5934,5
5937,5
5938,5
5941,5
5942,5
5944,5
5945,5
5947,5
5952,5
5956,5
5957,5
5959,5
5962,5
5963,5
5965,5
5966,5
5970,5
5971,5
5976,5
5977,5
5979,5
5980,5
5981,5
5983,5
5984,5
5985,5
5988,5
5989,5
5990,5
5991,5
5992,5
5996,5
5998,5
6001,5
6002,5
6003,5
6004,5
6005,5
6008,5
6010,5
6012,5
6013,5
6016,5
6019,5
6021,5
6022,5
6023,5
6027,5
6028,5
6029,5
6030,5
6035,5
6036,5
6038,5
6039,5
6042,5
6043,5
6044,5
6050,5
6051,5
6052,5
6055,5
6056,5
6057,5
6066,5
6067,5
6068,5
6073,5
6077,5
6078,5
6083,5
6084,5
6087,5
6088,5
6089,5
6093,5
6096,5
6098,5
6102,5
6103,5
6105,5
6109,5
6111,5
6113,5
6121,5
6126,5
6129,5
6131,5
6134,5
6135,5
6137,5
6140,5
6141,5
6147,5
6152,5
6153,5
6156,5
6157,5
6158,5
6159,5
6161,5
6164,5
6165,5
6166,5
6167,5
6168,5
6169,5
6170,5
6174,5
6175,5
6176,5
6178,5
6180,5
6187,5
6188,5
6191,5
6195,5
6198,5
6199,5
6201,5
6202,5
6205,5
6209,5
6210,5
6212,5
6213,5
6216,5
6218,5
6220,5
6221,5
6223,5
6224,5
6227,5
6228,5
6232,5
6234,5
6235,5
6237,5
6238,5
6239,5
6240,5
6247,5
6249,5
6251,5
6253,5
6254,5
6256,5
6257,5
6261,5
6263,5
6266,5
6267,5
6274,5
6277,5
6278,5
6280,5
6281,5
6282,5
6287,5
6288,5
6290,5
6292,5
6293,5
6294,5
6295,5
6298,5
6299,5
6301,5
6303,5
6304,5
6305,5
6306,5
6307,5
6309,5
6310,5
6312,5
6313,5
6314,5
6315,5
6316,5
6317,5
6319,5
6321,5
6322,5
6325,5
6326,5
6327,5
6329,5
6338,5
6343,5
6347,5
6351,5
6352,5
6353,5
6355,5
6356,5
6358,5
6360,5
6361,5
6362,5
6363,5
6365,5
6366,5
6367,5
6369,5
6371,5
6372,5
6373,5
6374,5
6375,5
6376,5
6377,5
6378,5
6379,5
6381,5
6382,5
6384,5
6385,5
6388,5
6389,5
6390,5
6391,5
6392,5
6393,5
6395,5
6397,5
6399,5
6400,5
6401,5
6403,5
6405,5
6408,5
6410,5
6411,5
6416,5
6417,5
6418,5
6422,5
6426,5
6429,5
6430,5
6432,5
6435,5
6436,5
6440,5
6444,5
6445,5
6451,5
6453,5
6458,5
6459,5
6462,5
6463,5
6466,5
6467,5
6468,5
6469,5
6472,5
6476,5
6479,5
6480,5
6483,5
6484,5
6485,5
6489,5
6490,5
6491,5
6495,5
6496,5
6498,5
6503,5
6504,5
6506,5
6508,5
6510,5
6511,5
6513,5
6514,5
6515,5
6516,5
6517,5
6518,5
6522,5
6530,5
6531,5
6534,5
6538,5
6540,5
6543,5
6551,5
6553,5
6554,5
6556,5
6557,5
6560,5
6561,5
6562,5
6565,5
6570,5
6571,5
6575,5
6576,5
6578,5
6580,5
6581,5
6583,5
6585,5
6586,5
6587,5
6588,5
6589,5
6590,5
6591,5
6592,5
6593,5
6596,5
6597,5
6599,5
6603,5
6604,5
6605,5
6613,5
6614,5
6615,5
6616,5
6618,5
6621,5
6623,5
6624,5
6626,5
6627,5
6632,5
6636,5
6637,5
6642,5
6644,5
6646,5
6647,5
6649,5
6652,5
6653,5
6656,5
6657,5
6658,5
6661,5
6662,5
6663,5
6665,5
6666,5
6667,5
6668,5
6669,5
6670,5
6673,5
6675,5
6676,5
6681,5
6682,5
6684,5
6685,5
6687,5
6688,5
6689,5
6693,5
6697,5
6698,5
6700,5
6702,5
6705,5
6707,5
6708,5
6709,5
6710,5
6712,5
6713,5
6714,5
6716,5
6718,5
6720,5
6722,5
6724,5
6725,5
6728,5
6731,5
6733,5
6734,5
6736,5
6738,5
6740,5
6742,5
6745,5
6746,5
6748,5
6752,5
6754,5
6755,5
6758,5
6760,5
6761,5
6764,5
6766,5
6767,5
6770,5
6772,5
6773,5
6774,5
6777,5
6778,5
6779,5
6783,5
6787,5
6788,5
6791,5
6792,5
6795,5
6797,5
6799,5
6802,5
6803,5
6807,5
6810,5
6811,5
6812,5
6813,5
6815,5
6817,5
6818,5
6820,5
6822,5
6824,5
6827,5
6831,5
6832,5
6833,5
6834,5
6835,5
6838,5
6847,5
6848,5
6849,5
6851,5
6852,5
6853,5
6854,5
6855,5
6859,5
6862,5
6864,5
6865,5
6866,5
6867,5
6868,5
6869,5
6870,5
6872,5
6874,5
6876,5
6881,5
6882,5
6885,5
6899,5
6900,5
6901,5
6903,5
6904,5
6906,5
6910,5
6914,5
6915,5
6916,5
6918,5
6921,5
6924,5
6928,5
6932,5
6933,5
6934,5
6937,5
6938,5
6941,5
6942,5
6947,5
6948,5
6949,5
6951,5
6952,5
6957,5
6958,5
6959,5
6960,5
6961,5
6964,5
6966,5
6967,5
6972,5
6973,5
6975,5
6982,5
6985,5
6986,5
6987,5
6988,5
6990,5
6992,5
6994,5
6995,5
6996,5
6998,5
6999,5
7002,5
7004,5
7006,5
7008,5
7010,5
7012,5
7013,5
7014,5
7015,5
7018,5
7021,5
7024,5
7029,5
7031,5
7036,5
7039,5
7040,5
7042,5
7044,5
7046,5
7050,5
7053,5
7054,5
7056,5
7057,5
7061,5
7062,5
7068,5
7071,5
7078,5
7079,5
7081,5
7083,5
7084,5
7086,5
7090,5
7091,5
7092,5
7094,5
7095,5
7096,5
7098,5
7101,5
7104,5
7106,5
7108,5
7109,5
7111,5
7117,5
7118,5
7121,5
7122,5
7124,5
7126,5
7128,5
7129,5
7131,5
7133,5
7136,5
7139,5
7140,5
7142,5
7144,5
7146,5
7151,5
7155,5
7160,5
7163,5
7166,5
7168,5
7169,5
7170,5
7171,5
7172,5
7174,5
7177,5
7180,5
7181,5
7183,5
7184,5
7185,5
7186,5
7189,5
7190,5
7192,5
7193,5
7194,5
7195,5
7199,5
7200,5
7202,5
7204,5
7205,5
7207,5
7208,5
7211,5
7212,5
7214,5
7216,5
7220,5
7222,5
7225,5
7227,5
7229,5
7232,5
7233,5
7236,5
7238,5
7239,5
7243,5
7245,5
7246,5
7252,5
7256,5
7257,5
7258,5
7259,5
7263,5
7265,5
7268,5
7270,5
7272,5
7275,5
7276,5
7277,5
7280,5
7284,5
7286,5
7289,5
7290,5
7293,5
7294,5
7297,5
7299,5
7301,5
7305,5
7307,5
7308,5
7309,5
7310,5
7311,5
7312,5
7314,5
7319,5
7321,5
7323,5
7324,5
7329,5
7330,5
7333,5
7335,5
7339,5
7343,5
7347,5
7348,5
7350,5
7351,5
7353,5
7355,5
7356,5
7358,5
7365,5
7367,5
7371,5
7374,5
7375,5
7376,5
7378,5
7379,5
7380,5
7383,5
7385,5
7386,5
7388,5
7390,5
7392,5
7393,5
7394,5
7398,5
7400,5
7403,5
7404,5
7405,5
7406,5
7408,5
7410,5
7414,5
7416,5
7418,5
7420,5
7421,5
7422,5
7423,5
7424,5
7426,5
7428,5
7429,5
7430,5
7431,5
7433,5
7437,5
7442,5
7444,5
7445,5
7447,5
7448,5
7449,5
7451,5
7452,5
7453,5
7454,5
7455,5
7456,5
7457,5
7458,5
7462,5
7463,5
7464,5
7466,5
7471,5
7475,5
7477,5
7479,5
7481,5
7482,5
7484,5
7485,5
7490,5
7492,5
7494,5
7495,5
7496,5
7497,5
7498,5
7499,5
7503,5
7504,5
7505,5
7506,5
7508,5
7509,5
7511,5
7512,5
7525,5
7527,5
7528,5
7531,5
7533,5
7541,5
7543,5
7545,5
7546,5
7548,5
7551,5
7555,5
7557,5
7558,5
7562,5
7564,5
7565,5
7566,5
7567,5
7568,5
7570,5
7577,5
7578,5
7580,5
7584,5
7587,5
7588,5
7589,5
7590,5
7591,5
7594,5
7596,5
7597,5
7598,5
7602,5
7604,5
7605,5
7606,5
7611,5
7613,5
7615,5
7616,5
7620,5
7623,5
7627,5
7628,5
7630,5
7631,5
7634,5
7638,5
7640,5
7643,5
7645,5
7646,5
7647,5
7650,5
7651,5
7654,5
7655,5
7657,5
7658,5
7660,5
7661,5
7663,5
7670,5
7671,5
7673,5
7675,5
7676,5
7677,5
7678,5
7679,5
7680,5
7681,5
7682,5
7684,5
7689,5
7691,5
7692,5
7694,5
7701,5
7703,5
7705,5
7706,5
7709,5
7714,5
7716,5
7717,5
7722,5
7724,5
7727,5
7728,5
7729,5
7730,5
7735,5
7741,5
7742,5
7747,5
7748,5
7749,5
7750,5
7751,5
7752,5
7753,5
7756,5
7759,5
7761,5
7762,5
7764,5
7765,5
7769,5
7770,5
7771,5
7773,5
7777,5
7779,5
7781,5
7782,5
7784,5
7785,5
7787,5
7788,5
7789,5
7790,5
7796,5
7798,5
7799,5
7801,5
7802,5
7803,5
7804,5
7811,5
7812,5
7813,5
7814,5
7816,5
7817,5
7818,5
7820,5
7821,5
7824,5
7825,5
7826,5
7828,5
7829,5
7835,5
7836,5
7838,5
7839,5
7840,5
7841,5
7842,5
7843,5
7850,5
7851,5
7852,5
7854,5
7856,5
7858,5
7859,5
7860,5
7863,5
7865,5
7872,5
7874,5
7875,5
7876,5
7877,5
7879,5
7881,5
7883,5
7884,5
7888,5
7894,5
7895,5
7896,5
7900,5
7904,5
7906,5
7909,5
7913,5
7914,5
7916,5
7921,5
7922,5
7923,5
7924,5
7926,5
7929,5
7930,5
7934,5
7935,5
7938,5
7939,5
7941,5
7945,5
7947,5
7949,5
7951,5
7953,5
7954,5
7961,5
7963,5
7964,5
7965,5
7966,5
7967,5
7968,5
7974,5
7978,5
7980,5
7985,5
7990,5
7991,5
7993,5
7995,5
7998,5
8000,5
8005,5
8012,5
8015,5
8016,5
8017,5
8021,5
8022,5
8023,5
8025,5
8026,5
8029,5
8030,5
8031,5
8032,5
8036,5
8040,5
8042,5
8046,5
8047,5
8050,5
8052,5
8055,5
8058,5
8069,5
8070,5
8071,5
8075,5
8076,5
8077,5
8079,5
8081,5
8083,5
8084,5
8085,5
8089,5
8092,5
8093,5
8097,5
8099,5
8100,5
8101,5
8103,5
8105,5
8106,5
8107,5
8111,5
8117,5
8121,5
8124,5
8125,5
8126,5
8127,5
8128,5
8132,5
8133,5
8135,5
8136,5
8139,5
8143,5
8144,5
8146,5
8151,5
8152,5
8153,5
8158,5
8160,5
8161,5
8164,5
8166,5
8167,5
8168,5
8169,5
8171,5
8174,5
8175,5
8176,5
8182,5
8183,5
8186,5
8187,5
8188,5
8189,5
8191,5
8193,5
8194,5
8195,5
8196,5
8198,5
8199,5
8200,5
8201,5
8205,5
8208,5
8211,5
8212,5
8214,5
8217,5
8219,5
8221,5
8222,5
8223,5
8225,5
8227,5
8228,5
8230,5
8232,5
8234,5
8235,5
8237,5
8238,5
8239,5
8242,5
8244,5
8245,5
8247,5
8248,5
8249,5
8252,5
8253,5
8254,5
8255,5
8261,5
8264,5
8268,5
8269,5
8270,5
8271,5
8272,5
8273,5
8275,5
8276,5
8278,5
8280,5
8281,5
8286,5
8287,5
8289,5
8290,5
8291,5
8294,5
8296,5
8298,5
8299,5
8300,5
8303,5
8305,5
8307,5
8308,5
8309,5
8310,5
8312,5
8313,5
8314,5
8316,5
8317,5
8318,5
8319,5
8320,5
8322,5
8324,5
8326,5
8327,5
8330,5
8334,5
8336,5
8337,5
8338,5
8339,5
8343,5
8347,5
8350,5
8352,5
8356,5
8358,5
8360,5
8361,5
8363,5
8370,5
8374,5
8375,5
8376,5
8377,5
8378,5
8380,5
8381,5
8382,5
8383,5
8384,5
8385,5
8387,5
8388,5
8393,5
8395,5
8397,5
8398,5
8400,5
8401,5
8403,5
8404,5
8405,5
8409,5
8412,5
8416,5
8417,5
8419,5
8420,5
8422,5
8424,5
8425,5
8427,5
8433,5
8434,5
8435,5
8440,5
8441,5
8442,5
8444,5
8445,5
8448,5
8449,5
8450,5
8451,5
8453,5
8454,5
8455,5
8457,5
8459,5
8460,5
8463,5
8467,5
8468,5
8469,5
8473,5
8475,5
8476,5
8478,5
8483,5
8486,5
8487,5
8488,5
8496,5
8498,5
8500,5
8501,5
8502,5
8503,5
8506,5
8507,5
8509,5
8510,5
8511,5
8512,5
8513,5
8516,5
8519,5
8520,5
8522,5
8526,5
8527,5
8528,5
8530,5
8531,5
8536,5
8538,5
8540,5
8543,5
8547,5
8548,5
8549,5
8550,5
8552,5
8554,5
8555,5
8560,5
8565,5
8569,5
8570,5
8571,5
8574,5
8576,5
8578,5
8580,5
8581,5
8584,5
8585,5
8586,5
8587,5
8588,5
8591,5
8592,5
8593,5
8596,5
8599,5
8603,5
8604,5
8606,5
8609,5
8611,5
8613,5
8619,5
8620,5
8621,5
8622,5
8624,5
8627,5
8630,5
8632,5
8634,5
8637,5
8638,5
8640,5
8641,5
8645,5
8647,5
8656,5
8660,5
8662,5
8664,5
8666,5
8668,5
8669,5
8671,5
8674,5
8676,5
8678,5
8679,5
8680,5
8681,5
8683,5
8684,5
8685,5
8687,5
8688,5
8689,5
8690,5
8691,5
8692,5
8693,5
8694,5
8695,5
8700,5
8701,5
8702,5
8704,5
8710,5
8712,5
8717,5
8720,5
8721,5
8722,5
8723,5
8726,5
8727,5
8728,5
8730,5
8732,5
8733,5
8734,5
8735,5
8737,5
8739,5
8740,5
8743,5
8745,5
8746,5
8748,5
8749,5
8752,5
8754,5
8758,5
8759,5
8761,5
8766,5
8769,5
8775,5
8776,5
8777,5
8778,5
8780,5
8781,5
8782,5
8783,5
8784,5
8785,5
8786,5
8787,5
8789,5
8790,5
8792,5
8794,5
8797,5
8798,5
8802,5
8803,5
8805,5
8807,5
8810,5
8813,5
8814,5
8816,5
8817,5
8821,5
8824,5
8825,5
8826,5
8827,5
8831,5
8833,5
8835,5
8838,5
8839,5
8840,5
8844,5
8845,5
8847,5
8848,5
8850,5
8851,5
8853,5
8858,5
8859,5
8862,5
8864,5
8865,5
8867,5
8868,5
8869,5
8871,5
8872,5
8873,5
8874,5
8875,5
8876,5
8880,5
8881,5
8885,5
8886,5
8888,5
8889,5
8890,5
8891,5
8899,5
8900,5
8901,5
8905,5
8912,5
8918,5
8919,5
8921,5
8923,5
8926,5
8927,5
8928,5
8929,5
8932,5
8933,5
8935,5
8937,5
8938,5
8939,5
8941,5
8942,5
8943,5
8946,5
8947,5
8949,5
8950,5
8954,5
8955,5
8957,5
8958,5
8959,5
8960,5
8961,5
8966,5
8968,5
8969,5
8971,5
8972,5
8973,5
8974,5
8977,5
8984,5
8985,5
8987,5
8993,5
8994,5
8997,5
9000,5
9001,5
9003,5
9004,5
9006,5
9007,5
9008,5
9013,5
9014,5
9016,5
9018,5
9019,5
9021,5
9022,5
9024,5
9025,5
9027,5
9033,5
9036,5
9037,5
9041,5
9042,5
9044,5
9045,5
9046,5
9048,5
9049,5
9050,5
9051,5
9052,5
9056,5
9057,5
9061,5
9065,5
9068,5
9070,5
9073,5
9078,5
9081,5
9082,5
9085,5
9087,5
9088,5
9092,5
9093,5
9094,5
9096,5
9101,5
9102,5
9104,5
9111,5
9113,5
9116,5
9118,5
9119,5
9123,5
9126,5
9127,5
9128,5
9129,5
9131,5
9133,5
9134,5
9135,5
9136,5
9137,5
9141,5
9145,5
9146,5
9148,5
9149,5
9152,5
9153,5
9160,5
9162,5
9163,5
9167,5
9173,5
9174,5
9176,5
9177,5
9178,5
9180,5
9184,5
9185,5
9188,5
9189,5
9190,5
9191,5
9192,5
9194,5
9195,5
9196,5
9199,5
9201,5
9202,5
9204,5
9205,5
9208,5
9210,5
9211,5
9212,5
9215,5
9217,5
9218,5
9220,5
9221,5
9222,5
9225,5
9226,5
9227,5
9228,5
9229,5
9232,5
9234,5
9235,5
9245,5
9246,5
9247,5
9248,5
9250,5
9251,5
9257,5
9258,5
9262,5
9263,5
9264,5
9265,5
9270,5
9271,5
9275,5
9276,5
9277,5
9279,5
9281,5
9282,5
9285,5
9287,5
9288,5
9290,5
9291,5
9294,5
9295,5
9296,5
9297,5
9298,5
9299,5
9300,5
9303,5
9306,5
9308,5
9311,5
9312,5
9313,5
9314,5
9315,5
9316,5
9317,5
9318,5
9319,5
9320,5
9321,5
9324,5
9325,5
9328,5
9329,5
9331,5
9333,5
9334,5
9335,5
9336,5
9337,5
9338,5
9339,5
9344,5
9345,5
9347,5
9348,5
9349,5
9350,5
9351,5
9352,5
9354,5
9355,5
9356,5
9359,5
9364,5
9367,5
9370,5
9372,5
9374,5
9375,5
9378,5
9381,5
9382,5
9383,5
9384,5
9387,5
9389,5
9394,5
9395,5
9397,5
9399,5
9400,5
9403,5
9404,5
9407,5
9409,5
9411,5
9412,5
9413,5
9414,5
9416,5
9420,5
9421,5
9422,5
9423,5
9424,5
9427,5
9433,5
9438,5
9441,5
9442,5
9444,5
9445,5
9446,5
9447,5
9453,5
9456,5
9457,5
9458,5
9459,5
9461,5
9462,5
9463,5
9466,5
9467,5
9469,5
9472,5
9473,5
9474,5
9478,5
9483,5
9484,5
9486,5
9487,5
9489,5
9490,5
9491,5
9492,5
9493,5
9496,5
9498,5
9499,5
9502,5
9505,5
9510,5
9513,5
9514,5
9516,5
9519,5
9520,5
9521,5
9528,5
9533,5
9536,5
9537,5
9538,5
9539,5
9540,5
9541,5
9542,5
9545,5
9546,5
9547,5
9548,5
9549,5
9555,5
9558,5
9559,5
9561,5
9562,5
9566,5
9569,5
9574,5
9578,5
9579,5
9581,5
9583,5
9584,5
9585,5
9587,5
9589,5
9590,5
9593,5
9594,5
9597,5
9601,5
9602,5
9606,5
9607,5
9616,5
9619,5
9622,5
9624,5
9625,5
9628,5
9630,5
9632,5
9633,5
9637,5
9639,5
9640,5
9641,5
9642,5
9645,5
9646,5
9647,5
9652,5
9653,5
9654,5
9655,5
9660,5
9662,5
9664,5
9668,5
9669,5
9679,5
9680,5
9682,5
9684,5
9687,5
9690,5
9691,5
9694,5
9696,5
9697,5
9702,5
9704,5
9708,5
9711,5
9712,5
9713,5
9715,5
9717,5
9718,5
9719,5
9721,5
9722,5
9726,5
9728,5
9729,5
9733,5
9735,5
9736,5
9737,5
9745,5
9746,5
9751,5
9753,5
9757,5
9760,5
9762,5
9763,5
9764,5
9765,5
9767,5
9768,5
9769,5
9772,5
9776,5
9780,5
9782,5
9785,5
9789,5
9790,5
9797,5
9801,5
9802,5
9805,5
9806,5
9813,5
9815,5
9816,5
9817,5
9818,5
9820,5
9826,5
9829,5
9830,5
9831,5
9835,5
9836,5
9838,5
9841,5
9846,5
9854,5
9855,5
9860,5
9861,5
9866,5
9867,5
9870,5
9872,5
9873,5
9875,5
9878,5
9881,5
9883,5
9887,5
9888,5
9889,5
9890,5
9891,5
9892,5
9893,5
9897,5
9899,5
9901,5
9905,5
9906,5
9911,5
9912,5
9913,5
9915,5
9916,5
9919,5
9920,5
9921,5
9924,5
9925,5
9926,5
9928,5
9929,5
9931,5
9932,5
9934,5
9936,5
9939,5
9940,5
9942,5
9943,5
9945,5
9953,5
9954,5
9960,5
9962,5
9964,5
9966,5
9967,5
9968,5
9972,5
9973,5
9974,5
9975,5
9976,5
9979,5
9980,5
9984,5
9988,5
9990,5
9992,5
9994,5
9995,5
9996,5
9997,5
10001,5
10004,5
10005,5
10006,5
10007,5
10010,5
10012,5
10013,5
10015,5
10019,5
10021,5
10022,5
10025,5
10027,5
10028,5
10029,5
10032,5
10034,5
10040,5
10042,5
10044,5
10046,5
10049,5
10051,5
10052,5
10054,5
10057,5
10059,5
10060,5
10062,5
10064,5
10066,5
10071,5
10072,5
10073,5
10074,5
10075,5
10076,5
10079,5
10080,5
10081,5
10082,5
10083,5
10084,5
10085,5
10089,5
10091,5
10096,5
10099,5
10100,5
10101,5
10104,5
10108,5
10110,5
10111,5
10113,5
10123,5
10124,5
10126,5
10128,5
10130,5
10133,5
10134,5
10135,5
10136,5
10137,5
10138,5
10139,5
10141,5
10142,5
10143,5
10144,5
10145,5
10146,5
10149,5
10150,5
10152,5
10153,5
10155,5
10158,5
10159,5
10160,5
10161,5
10166,5
10167,5
10170,5
10173,5
10175,5
10176,5
10183,5
10186,5
10188,5
10189,5
10190,5
10193,5
10194,5
10196,5
10198,5
10199,5
10200,5
10201,5
10204,5
10205,5
10207,5
10209,5
10210,5
10212,5
10214,5
10216,5
10219,5
10220,5
10223,5
10225,5
10226,5
10228,5
10229,5
10230,5
10236,5
10241,5
10247,5
10249,5
10252,5
10254,5
10255,5
10257,5
10258,5
10259,5
10262,5
10263,5
10267,5
10268,5
10270,5
10271,5
10272,5
10273,5
10276,5
10278,5
10279,5
10281,5
10286,5
10287,5
10288,5
10290,5
10292,5
10294,5
10295,5
10301,5
10303,5
10304,5
10305,5
10306,5
10308,5
10309,5
10315,5
10318,5
10319,5
10320,5
10324,5
10325,5
10326,5
10331,5
10333,5
10335,5
10336,5
10337,5
10341,5
10345,5
10348,5
10349,5
10353,5
10354,5
10358,5
10360,5
10363,5
10365,5
10372,5
10374,5
10375,5
10376,5
10378,5
10380,5
10382,5
10383,5
10385,5
10387,5
10390,5
10391,5
10394,5
10396,5
10398,5
10402,5
10403,5
10405,5
10406,5
10410,5
10413,5
10414,5
10415,5
10420,5
10422,5
10428,5
10431,5
10432,5
10433,5
10436,5
10437,5
10438,5
10439,5
10441,5
10444,5
10445,5
10450,5
10453,5
10456,5
10457,5
10458,5
10460,5
10462,5
10463,5
10464,5
10466,5
10467,5
10468,5
10470,5
10474,5
10476,5
10478,5
10483,5
10485,5
10487,5
10488,5
10489,5
10496,5
10498,5
10500,5
10503,5
10504,5
10505,5
10507,5
10509,5
10515,5
10517,5
10518,5
10521,5
10522,5
10523,5
10524,5
10525,5
10526,5
10527,5
10528,5
10529,5
10530,5
10531,5
10533,5
10536,5
10537,5
10540,5
10541,5
10543,5
10547,5
10548,5
10552,5
10553,5
10554,5
10555,5
10556,5
10565,5
10567,5
10569,5
10570,5
10571,5
10572,5
10578,5
10579,5
10580,5
10583,5
10586,5
10587,5
10591,5
10594,5
10596,5
10598,5
10600,5
10605,5
10606,5
10610,5
10611,5
10613,5
10615,5
10616,5
10618,5
10619,5
10621,5
10623,5
10624,5
10626,5
10627,5
10628,5
10631,5
10632,5
10634,5
10635,5
10636,5
10637,5
10638,5
10641,5
10645,5
10647,5
10648,5
10649,5
10652,5
10653,5
10654,5
10656,5
10657,5
10658,5
10661,5
10662,5
10663,5
10665,5
10666,5
10667,5
10668,5
10670,5
10675,5
10676,5
10677,5
10680,5
10682,5
10683,5
10684,5
10686,5
10687,5
10689,5
10690,5
10693,5
10694,5
10695,5
10696,5
10699,5
10700,5
10701,5
10702,5
10703,5
10706,5
10707,5
10710,5
10711,5
10714,5
10716,5
10718,5
10724,5
10726,5
10728,5
10729,5
10730,5
10731,5
10732,5
10734,5
10736,5
10738,5
10739,5
10741,5
10743,5
10746,5
10747,5
10748,5
10749,5
10751,5
10752,5
10754,5
10755,5
10756,5
10758,5
10759,5
10760,5
10761,5
10762,5
10765,5
10766,5
10767,5
10770,5
10771,5
10772,5
10773,5
10774,5
10775,5
10776,5
10777,5
10778,5
10779,5
10782,5
10783,5
10785,5
10788,5
10789,5
10791,5
10792,5
10794,5
10799,5
10801,5
10805,5
10806,5
10807,5
10808,5
10809,5
10811,5
10812,5
10814,5
10815,5
10816,5
10817,5
10818,5
10821,5
10822,5
10823,5
10825,5
10830,5
10831,5
10832,5
10833,5
10834,5
10837,5
10838,5
10840,5
10841,5
10843,5
10844,5
10845,5
10846,5
10847,5
10848,5
10851,5
10854,5
10857,5
10858,5
10859,5
10860,5
10861,5
10864,5
10866,5
10867,5
10872,5
10873,5
10876,5
10878,5
10881,5
10882,5
10883,5
10884,5
10885,5
10886,5
10887,5
10889,5
10890,5
10895,5
10896,5
10897,5
10899,5
10900,5
10901,5
10902,5
10903,5
10904,5
10905,5
10906,5
10907,5
10910,5
10915,5
10917,5
10919,5
10920,5
10923,5
10928,5
10929,5
10931,5
10933,5
10936,5
10940,5
10941,5
10942,5
10944,5
10945,5
10948,5
10949,5
10951,5
10953,5
10955,5
10957,5
10958,5
10959,5
10960,5
10966,5
10967,5
10968,5
10972,5
10973,5
10975,5
10976,5
10977,5
10978,5
10980,5
10981,5
10983,5
10984,5
10985,5
10987,5
10989,5
10990,5
10994,5
10995,5
10996,5
10998,5
11002,5
11003,5
11004,5
11006,5
11007,5
11008,5
11011,5
11012,5
11013,5
11014,5
11016,5
11018,5
11021,5
11022,5
11024,5
11027,5
11028,5
11030,5
11031,5
11034,5
11035,5
11039,5
11040,5
11041,5
11043,5
11047,5
11048,5
11049,5
11050,5
11051,5
11053,5
11054,5
11056,5
11059,5
11061,5
11062,5
11064,5
11065,5
11066,5
11068,5
11070,5
11071,5
11072,5
11073,5
11074,5
11078,5
11079,5
11080,5
11081,5
11083,5
11085,5
11086,5
11087,5
11089,5
11099,5
11100,5
11101,5
11103,5
11104,5
11106,5
11107,5
11108,5
11109,5
11111,5
11113,5
11115,5
11117,5
11119,5
11120,5
11121,5
11123,5
11124,5
11127,5
11129,5
11130,5
11131,5
11133,5
11134,5
11136,5
11137,5
11138,5
11139,5
11141,5
11143,5
11152,5
11153,5
11158,5
11160,5
11161,5
11162,5
11163,5
11164,5
11165,5
11166,5
11168,5
11172,5
11176,5
11178,5
11180,5
11182,5
11183,5
11184,5
11185,5
11188,5
11189,5
11190,5
11196,5
11197,5
11198,5
11199,5
11201,5
11203,5
11204,5
11206,5
11208,5
11210,5
11215,5
11217,5
11218,5
11220,5
11221,5
11222,5
11224,5
11225,5
11226,5
11227,5
11228,5
11229,5
11230,5
11232,5
11233,5
11234,5
11236,5
11238,5
11241,5
11242,5
11245,5
11246,5
11247,5
11249,5
11250,5
11251,5
11252,5
11255,5
11256,5
11258,5
11260,5
11261,5
11262,5
11264,5
11265,5
11266,5
11268,5
11270,5
11271,5
11272,5
11274,5
11276,5
11277,5
11280,5
11281,5
11285,5
11286,5
11287,5
11288,5
11289,5
11291,5
11292,5
11293,5
11296,5
11297,5
11300,5
11301,5
11317,5
11318,5
11321,5
11322,5
11324,5
11325,5
11327,5
11332,5
11333,5
11334,5
11335,5
11336,5
11340,5
11341,5
11342,5
11344,5
11345,5
11346,5
11347,5
11348,5
11351,5
11353,5
11354,5
11358,5
11362,5
11364,5
11366,5
11367,5
11369,5
11370,5
11373,5
11375,5
11376,5
11379,5
11381,5
11382,5
11385,5
11386,5
11389,5
11391,5
11395,5
11396,5
11397,5
11400,5
11402,5
11403,5
11404,5
11407,5
11408,5
11409,5
11410,5
11414,5
11415,5
11416,5
11417,5
11420,5
11421,5
11423,5
11424,5
11429,5
11430,5
11436,5
11440,5
11441,5
11443,5
11444,5
11448,5
11449,5
11450,5
11453,5
11456,5
11457,5
11458,5
11459,5
11460,5
11464,5
11466,5
11468,5
11471,5
11473,5
11477,5
11481,5
11483,5
11484,5
11485,5
11486,5
11489,5
11490,5
11492,5
11493,5
11494,5
11496,5
11502,5
11504,5
11506,5
11507,5
11510,5
11513,5
11514,5
11515,5
11518,5
11519,5
11524,5
11526,5
11532,5
11537,5
11538,5
11539,5
11542,5
11543,5
11544,5
11547,5
11549,5
11552,5
11553,5
11558,5
11560,5
11561,5
11562,5
11566,5
11568,5
11569,5
11570,5
11575,5
11578,5
11579,5
11580,5
11582,5
11583,5
11587,5
11592,5
11593,5
11595,5
11599,5
11601,5
11605,5
11606,5
11607,5
11608,5
11610,5
11611,5
11612,5
11614,5
11615,5
11617,5
11618,5
11620,5
11623,5
11626,5
11627,5
11629,5
11631,5
11633,5
11634,5
11635,5
11638,5
11641,5
11642,5
11643,5
11644,5
11645,5
11646,5
11649,5
11651,5
11653,5
11654,5
11656,5
11661,5
11662,5
11665,5
11666,5
11668,5
11670,5
11671,5
11672,5
11679,5
11680,5
11684,5
11685,5
11687,5
11688,5
11689,5
11691,5
11692,5
11695,5
11696,5
11697,5
11698,5
11699,5
11700,5
11701,5
11704,5
11705,5
11707,5
11708,5
11710,5
11712,5
11714,5
11720,5
11730,5
11733,5
11735,5
11737,5
11738,5
11740,5
11742,5
11743,5
11744,5
11746,5
11751,5
11752,5
11754,5
11757,5
11758,5
11760,5
11761,5
11764,5
11765,5
11767,5
11768,5
11773,5
11774,5
11775,5
11781,5
11785,5
11789,5
11790,5
11791,5
11801,5
11803,5
11805,5
11810,5
11811,5
11816,5
11817,5
11819,5
11821,5
11822,5
11823,5
11825,5
11826,5
11828,5
11829,5
11833,5
11836,5
11837,5
11839,5
11841,5
11844,5
11846,5
11847,5
11848,5
11851,5
11853,5
11855,5
11857,5
11858,5
11863,5
11865,5
11867,5
11869,5
11874,5
11876,5
11882,5
11888,5
11890,5
11892,5
11894,5
11895,5
11896,5
11897,5
11899,5
11900,5
11901,5
11904,5
11905,5
11906,5
11907,5
11908,5
11911,5
11914,5
11915,5
11916,5
11917,5
11918,5
11919,5
11921,5
11923,5
11926,5
11928,5
11931,5
11935,5
11937,5
11939,5
11941,5
11943,5
11946,5
11950,5
11951,5
11954,5
11956,5
11959,5
11962,5
11963,5
11970,5
11976,5
11979,5
11980,5
11981,5
11983,5
11987,5
11989,5
11996,5
11997,5
11998,5
12000,5
12003,5
12004,5
12005,5
12008,5
12011,5
12013,5
12017,5
12018,5
12020,5
12021,5
12022,5
12024,5
12025,5
12026,5
12027,5
12032,5
12033,5
12035,5
12036,5
12039,5
12040,5
12043,5
12046,5
12049,5
12053,5
12061,5
12062,5
12066,5
12071,5
12072,5
12075,5
12076,5
12080,5
12084,5
12085,5
12086,5
12088,5
12090,5
12096,5
12097,5
12103,5
12104,5
12105,5
12106,5
12107,5
12108,5
12113,5
12115,5
12116,5
12117,5
12118,5
12120,5
12122,5
12123,5
12124,5
12129,5
12131,5
12132,5
12133,5
12137,5
12138,5
12140,5
12143,5
12145,5
12146,5
12153,5
12157,5
12158,5
12159,5
12160,5
12162,5
12163,5
12164,5
12168,5
12169,5
12171,5
12172,5
12175,5
12178,5
12179,5
12180,5
12185,5
12187,5
12188,5
12192,5
12193,5
12194,5
12195,5
12196,5
12197,5
12200,5
12201,5
12204,5
12206,5
12207,5
12210,5
12211,5
12212,5
12213,5
12214,5
12215,5
12217,5
12218,5
12220,5
12223,5
12224,5
12226,5
12228,5
12231,5
12234,5
12235,5
12237,5
12239,5
12240,5
12244,5
12245,5
12246,5
12248,5
12249,5
12250,5
12254,5
12255,5
12259,5
12260,5
12262,5
12264,5
12266,5
12268,5
12270,5
12272,5
12276,5
12277,5
12281,5
12282,5
12284,5
12287,5
12289,5
12292,5
12294,5
12295,5
12300,5
12301,5
12303,5
12305,5
12308,5
12310,5
12312,5
12313,5
12315,5
12319,5
12320,5
12325,5
12329,5
12333,5
12334,5
12337,5
12338,5
12344,5
12345,5
12348,5
12350,5
12352,5
12354,5
12358,5
12360,5
12362,5
12363,5
12364,5
12365,5
12367,5
12368,5
12370,5
12374,5
12376,5
12377,5
12378,5
12380,5
12383,5
12384,5
12386,5
12393,5
12394,5
12397,5
12398,5
12399,5
12400,5
12404,5
12405,5
12406,5
12407,5
12408,5
12415,5
12417,5
12418,5
12420,5
12421,5
12422,5
12423,5
12424,5
12426,5
12427,5
12429,5
12431,5
12432,5
12437,5
12439,5
12442,5
12444,5
12445,5
12446,5
12447,5
12449,5
12450,5
12451,5
12457,5
12460,5
12461,5
12462,5
12463,5
12464,5
12465,5
12466,5
12467,5
12471,5
12472,5
12473,5
12477,5
12478,5
12479,5
12483,5
12484,5
12486,5
12487,5
12488,5
12491,5
12497,5
12504,5
12505,5
12508,5
12511,5
12512,5
12513,5
12514,5
12515,5
12517,5
12518,5
12519,5
12520,5
12522,5
12523,5
12525,5
12527,5
12528,5
12530,5
12534,5
12535,5
12537,5
12542,5
12543,5
12545,5
12547,5
12553,5
12556,5
12562,5
12563,5
12564,5
12565,5
12566,5
12567,5
12573,5
12575,5
12576,5
12577,5
12579,5
12581,5
12582,5
12583,5
12584,5
12586,5
12588,5
12590,5
12591,5
12594,5
12596,5
12597,5
12598,5
12603,5
12605,5
12606,5
12608,5
12609,5
12613,5
12614,5
12615,5
12616,5
12617,5
12618,5
12619,5
12624,5
12628,5
12629,5
12631,5
12632,5
12635,5
12637,5
12642,5
12644,5
12651,5
12653,5
12656,5
12659,5
12660,5
12665,5
12668,5
12670,5
12671,5
12673,5
12675,5
12676,5
12677,5
12678,5
12679,5
12682,5
12683,5
12684,5
12685,5
12686,5
12688,5
12691,5
12692,5
12693,5
12694,5
12695,5
12697,5
12699,5
12700,5
12702,5
12703,5
12704,5
12705,5
12706,5
12709,5
12710,5
12713,5
12714,5
12715,5
12716,5
12720,5
12721,5
12723,5
12724,5
12731,5
12734,5
12735,5
12737,5
12738,5
12744,5
12746,5
12747,5
12748,5
12751,5
12755,5
12756,5
12757,5
12761,5
12762,5
12764,5
12765,5
12769,5
12771,5
12776,5
12777,5
12778,5
12780,5
12781,5
12786,5
12787,5
12792,5
12793,5
12798,5
12799,5
12801,5
12803,5
12804,5
12805,5
12806,5
12807,5
12809,5
12810,5
12811,5
12812,5
12813,5
12815,5
12816,5
12818,5
12819,5
12820,5
12821,5
12823,5
12824,5
12825,5
12828,5
12832,5
12836,5
12837,5
12841,5
12842,5
12843,5
12844,5
12845,5
12846,5
12848,5
12852,5
12854,5
12855,5
12857,5
12861,5
12863,5
12865,5
12866,5
12873,5
12874,5
12876,5
12880,5
12881,5
12882,5
12883,5
12885,5
12886,5
12888,5
12891,5
12892,5
12895,5
12896,5
12897,5
12899,5
12900,5
12903,5
12905,5
12907,5
12908,5
12909,5
12911,5
12913,5
12915,5
12916,5
12918,5
12920,5
12921,5
12923,5
12926,5
12927,5
12928,5
12931,5
12932,5
12933,5
12934,5
12935,5
12940,5
12941,5
12943,5
12944,5
12947,5
12948,5
12949,5
12952,5
12953,5
12955,5
12958,5
12959,5
12961,5
12964,5
12965,5
12967,5
12968,5
12969,5
12973,5
12974,5
12975,5
12978,5
12980,5
12985,5
12986,5
12989,5
12991,5
12992,5
12994,5
12995,5
12996,5
12997,5
12998,5
12999,5
13001,5
13002,5
13007,5
13008,5
13011,5
13015,5
13016,5
13019,5
13020,5
13021,5
13024,5
13025,5
13028,5
13029,5
13030,5
13031,5
13032,5
13033,5
13036,5
13039,5
13041,5
13043,5
13044,5
13047,5
13053,5
13056,5
13057,5
13059,5
13060,5
13063,5
13068,5
13070,5
13078,5
13079,5
13083,5
13085,5
13086,5
13088,5
13089,5
13091,5
13093,5
13098,5
13100,5
13102,5
13108,5
13112,5
13114,5
13115,5
13116,5
13120,5
13121,5
13122,5
13123,5
13125,5
13130,5
13133,5
13135,5
13136,5
13138,5
13140,5
13141,5
13142,5
13148,5
13149,5
13151,5
13152,5
13153,5
13154,5
13155,5
13156,5
13157,5
13158,5
13159,5
13160,5
13161,5
13162,5
13166,5
13167,5
13173,5
13175,5
13176,5
13180,5
13184,5
13185,5
13187,5
13189,5
13190,5
13192,5
13194,5
13197,5
13198,5
13199,5
13200,5
13201,5
13202,5
13203,5
13210,5
13213,5
13215,5
13216,5
13219,5
13223,5
13226,5
13227,5
13229,5
13231,5
13232,5
13233,5
13235,5
13236,5
13237,5
13245,5
13247,5
13249,5
13250,5
13251,5
13253,5
13254,5
13255,5
13256,5
13258,5
13259,5
13260,5
13261,5
13266,5
13267,5
13268,5
13270,5
13274,5
13279,5
13284,5
13285,5
13286,5
13288,5
13290,5
13293,5
13296,5
13298,5
13299,5
13301,5
13304,5
13305,5
13307,5
13308,5
13309,5
13316,5
13321,5
13325,5
13326,5
13327,5
13330,5
13334,5
13335,5
13338,5
13339,5
13340,5
13342,5
13343,5
13345,5
13349,5
13350,5
13352,5
13362,5
13366,5
13367,5
13371,5
13372,5
13376,5
13378,5
13379,5
13383,5
13384,5
13388,5
13389,5
13390,5
13393,5
13395,5
13396,5
13397,5
13399,5
13401,5
13402,5
13404,5
13407,5
13412,5
13413,5
13414,5
13415,5
13416,5
13417,5
13419,5
13420,5
13421,5
13422,5
13425,5
13427,5
13430,5
13431,5
13433,5
13434,5
13437,5
13440,5
13444,5
13446,5
13447,5
13449,5
13450,5
13451,5
13452,5
13453,5
13456,5
13466,5
13468,5
13470,5
13471,5
13472,5
13474,5
13478,5
13482,5
13483,5
13484,5
13486,5
13487,5
13488,5
13490,5
13491,5
13492,5
13493,5
13495,5
13497,5
13500,5
13502,5
13503,5
13504,5
13505,5
13506,5
13508,5
13509,5
13514,5
13515,5
13517,5
13518,5
13520,5
13522,5
13525,5
13532,5
13534,5
13535,5
13536,5
13540,5
13543,5
13544,5
13549,5
13552,5
13554,5
13555,5
13558,5
13561,5
13563,5
13564,5
13565,5
13566,5
13569,5
13572,5
13574,5
13576,5
13577,5
13579,5
13580,5
13581,5
13583,5
13584,5
13587,5
13588,5
13590,5
13592,5
13593,5
13594,5
13596,5
13598,5
13601,5
13602,5
13604,5
13605,5
13606,5
13609,5
13610,5
13613,5
13616,5
13618,5
13619,5
13620,5
13623,5
13628,5
13631,5
13632,5
13638,5
13640,5
13641,5
13645,5
13648,5
13650,5
13651,5
13652,5
13654,5
13658,5
13659,5
13661,5
13662,5
13663,5
13664,5
13665,5
13666,5
13667,5
13668,5
13674,5
13678,5
13679,5
13680,5
13681,5
13684,5
13685,5
13690,5
13692,5
13693,5
13695,5
13697,5
13698,5
13699,5
13700,5
13701,5
13702,5
13708,5
13711,5
13714,5
13715,5
13718,5
13719,5
13722,5
13723,5
13724,5
13725,5
13728,5
13730,5
13731,5
13733,5
13737,5
13738,5
13739,5
13740,5
13742,5
13745,5
13746,5
13748,5
13752,5
13753,5
13756,5
13757,5
13758,5
13759,5
13761,5
13763,5
13764,5
13766,5
13767,5
13769,5
13770,5
13774,5
13775,5
13780,5
13783,5
13785,5
13787,5
13788,5
13789,5
13791,5
13792,5
13793,5
13797,5
13799,5
13802,5
13803,5
13804,5
13805,5
13808,5
13813,5
13814,5
13815,5
13816,5
13819,5
13821,5
13825,5
13826,5
13829,5
13830,5
13831,5
13833,5
13835,5
13837,5
13839,5
13845,5
13849,5
13850,5
13853,5
13856,5
13858,5
13863,5
13864,5
13865,5
13866,5
13867,5
13870,5
13872,5
13874,5
13878,5
13881,5
13885,5
13886,5
13889,5
13890,5
13892,5
13896,5
13897,5
13898,5
13899,5
13900,5
13902,5
13906,5
13908,5
13910,5
13914,5
13916,5
13919,5
13924,5
13925,5
13926,5
13927,5
13930,5
13931,5
13932,5
13937,5
13938,5
13940,5
13942,5
13945,5
13946,5
13947,5
13949,5
13951,5
13952,5
13953,5
13955,5
13956,5
13957,5
13964,5
13965,5
13967,5
13970,5
13971,5
13972,5
13975,5
13981,5
13984,5
13987,5
13990,5
13992,5
13994,5
13995,5
13999,5
14001,5
14002,5
14003,5
14004,5
14005,5
14007,5
14008,5
14009,5
14011,5
14013,5
14016,5
14018,5
14019,5
14021,5
14022,5
14023,5
14027,5
14028,5
14030,5
14032,5
14034,5
14035,5
14036,5
14038,5
14039,5
14046,5
14047,5
14049,5
14053,5
14055,5
14056,5
14058,5
14060,5
14061,5
14062,5
14063,5
14064,5
14065,5
14066,5
14067,5
14068,5
14069,5
14070,5
14072,5
14073,5
14075,5
14076,5
14077,5
14078,5
14079,5
14085,5
14092,5
14095,5
14096,5
14098,5
14099,5
14100,5
14101,5
14102,5
14104,5
14105,5
14106,5
14107,5
14108,5
14110,5
14113,5
14114,5
14115,5
14119,5
14122,5
14123,5
14125,5
14126,5
14128,5
14135,5
14139,5
14140,5
14142,5
14145,5
14147,5
14148,5
14154,5
14155,5
14159,5
14160,5
14161,5
14165,5
14169,5
14172,5
14178,5
14184,5
14185,5
14186,5
14190,5
14191,5
14193,5
14195,5
14196,5
14197,5
14198,5
14199,5
14200,5
14202,5
14204,5
14205,5
14206,5
14207,5
14208,5
14211,5
14215,5
14216,5
14217,5
14218,5
14219,5
14220,5
14224,5
14227,5
14228,5
14229,5
14231,5
14235,5
14236,5
14237,5
14238,5
14239,5
14240,5
14243,5
14245,5
14247,5
14249,5
14250,5
14252,5
14254,5
14255,5
14256,5
14257,5
14260,5
14261,5
14263,5
14264,5
14266,5
14267,5
14268,5
14269,5
14270,5
14272,5
14275,5
14276,5
14279,5
14280,5
14281,5
14282,5
14284,5
14286,5
14287,5
14289,5
14290,5
14291,5
14292,5
14294,5
14296,5
14303,5
14307,5
14309,5
14310,5
14312,5
14314,5
14315,5
14320,5
14322,5
14323,5
14324,5
14327,5
14328,5
14329,5
14330,5
14331,5
14332,5
14334,5
14335,5
14336,5
14338,5
14339,5
14346,5
14347,5
14348,5
14349,5
14350,5
14351,5
14352,5
14358,5
14359,5
14360,5
14363,5
14366,5
14368,5
14370,5
14371,5
14375,5
14382,5
14383,5
14387,5
14388,5
14389,5
14391,5
14392,5
14394,5
14397,5
14399,5
14402,5
14404,5
14408,5
14410,5
14417,5
14418,5
14419,5
14420,5
14422,5
14423,5
14424,5
14427,5
14428,5
14429,5
14434,5
14436,5
14437,5
14438,5
14439,5
14440,5
14441,5
14443,5
14445,5
14448,5
14455,5
14457,5
14462,5
14463,5
14464,5
14466,5
14469,5
14470,5
14472,5
14474,5
14476,5
14479,5
14480,5
14481,5
14482,5
14484,5
14487,5
14488,5
14489,5
14490,5
14492,5
14493,5
14494,5
14495,5
14496,5
14497,5
14502,5
14503,5
14504,5
14506,5
14507,5
14508,5
14509,5
14510,5
14512,5
14514,5
14515,5
14520,5
14521,5
14522,5
14523,5
14524,5
14527,5
14529,5
14530,5
14537,5
14538,5
14539,5
14540,5
14542,5
14543,5
14544,5
14545,5
14547,5
14549,5
14551,5
14557,5
14560,5
14561,5
14562,5
14563,5
14565,5
14566,5
14580,5
14582,5
14586,5
14590,5
14593,5
14594,5
14597,5
14599,5
14600,5
14606,5
14607,5
14610,5
14615,5
14617,5
14618,5
14619,5
14622,5
14627,5
14629,5
14630,5
14634,5
14635,5
14638,5
14639,5
14642,5
14645,5
14646,5
14647,5
14649,5
14655,5
14656,5
14657,5
14658,5
14660,5
14663,5
14664,5
14667,5
14673,5
14675,5
14676,5
14679,5
14680,5
14682,5
14684,5
14691,5
14695,5
14697,5
14698,5
14699,5
14701,5
14703,5
14707,5
14708,5
14709,5
14714,5
14715,5
14717,5
14718,5
14719,5
14720,5
14723,5
14724,5
14725,5
14727,5
14728,5
14734,5
14737,5
14738,5
14739,5
14741,5
14742,5
14744,5
14745,5
14746,5
14747,5
14748,5
14749,5
14750,5
14755,5
14757,5
14760,5
14763,5
14764,5
14765,5
14766,5
14767,5
14770,5
14775,5
14778,5
14779,5
14780,5
14783,5
14785,5
14787,5
14788,5
14789,5
14790,5
14792,5
14795,5
14796,5
14798,5
14802,5
14803,5
14807,5
14808,5
14809,5
14812,5
14815,5
14819,5
14822,5
14824,5
14825,5
14827,5
14828,5
14830,5
14831,5
14832,5
14833,5
14834,5
14835,5
14836,5
14837,5
14840,5
14841,5
14842,5
14843,5
14845,5
14847,5
14849,5
14853,5
14854,5
14856,5
14857,5
14859,5
14861,5
14862,5
14863,5
14864,5
14867,5
14872,5
14875,5
14877,5
14879,5
14880,5
14881,5
14883,5
14884,5
14886,5
14888,5
14889,5
14890,5
14892,5
14897,5
14898,5
14899,5
14900,5
14903,5
14905,5
14915,5
14917,5
14919,5
14924,5
14927,5
14928,5
14929,5
14930,5
14931,5
14932,5
14937,5
14939,5
14942,5
14945,5
14950,5
14952,5
14955,5
14957,5
14959,5
14960,5
14961,5
14962,5
14964,5
14967,5
14969,5
14971,5
14972,5
14978,5
14979,5
14980,5
14982,5
14984,5
14985,5
14987,5
14990,5
14993,5
14994,5
14995,5
14997,5
14998,5
15001,5
15004,5
15008,5
15009,5
15010,5
15015,5
15018,5
15024,5
15026,5
15027,5
15029,5
15031,5
15032,5
15035,5
15036,5
15038,5
15039,5
15041,5
15042,5
15043,5
15044,5
15045,5
15047,5
15048,5
15050,5
15053,5
15054,5
15056,5
15062,5
15064,5
15066,5
15069,5
15070,5
15075,5
15076,5
15077,5
15078,5
15079,5
15080,5
15081,5
15083,5
15086,5
15087,5
15088,5
15089,5
15090,5
15092,5
15094,5
15095,5
15096,5
15097,5
15100,5
15101,5
15102,5
15104,5
15106,5
15109,5
15110,5
15111,5
15112,5
15113,5
15114,5
15115,5
15116,5
15117,5
15120,5
15121,5
15124,5
15125,5
15127,5
15128,5
15129,5
15130,5
15131,5
15134,5
15136,5
15138,5
15140,5
15143,5
15145,5
15146,5
15147,5
15150,5
15151,5
15152,5
15153,5
15155,5
15156,5
15157,5
15158,5
15159,5
15162,5
15163,5
15164,5
15165,5
15166,5
15169,5
15172,5
15175,5
15176,5
15179,5
15180,5
15181,5
15182,5
15183,5
15184,5
15185,5
15186,5
15188,5
15192,5
15194,5
15195,5
15196,5
15197,5
15198,5
15200,5
15201,5
15202,5
15204,5
15205,5
15206,5
15208,5
15210,5
15213,5
15215,5
15217,5
15218,5
15220,5
15225,5
15226,5
15227,5
15228,5
15232,5
15235,5
15238,5
15239,5
15241,5
15245,5
15248,5
15251,5
15252,5
15254,5
15255,5
15256,5
15258,5
15259,5
15262,5
15263,5
15264,5
15266,5
15268,5
15269,5
15272,5
15273,5
15277,5
15283,5
15284,5
15286,5
15287,5
15288,5
15289,5
15290,5
15294,5
15299,5
15301,5
15302,5
15303,5
15305,5
15306,5
15308,5
15312,5
15313,5
15314,5
15315,5
15319,5
15323,5
15326,5
15331,5
15336,5
15337,5
15338,5
15340,5
15346,5
15347,5
15349,5
15353,5
15356,5
15358,5
15364,5
15366,5
15368,5
15369,5
15370,5
15375,5
15377,5
15380,5
15381,5
15384,5
15391,5
15392,5
15394,5
15395,5
15399,5
15402,5
15406,5
15408,5
15415,5
15416,5
15419,5
15420,5
15421,5
15422,5
15423,5
15430,5
15434,5
15435,5
15436,5
15439,5
15440,5
15441,5
15444,5
15445,5
15449,5
15451,5
15452,5
15455,5
15456,5
15457,5
15460,5
15462,5
15463,5
15465,5
15468,5
15470,5
15472,5
15474,5
15478,5
15480,5
15481,5
15483,5
15484,5
15486,5
15487,5
15490,5
15491,5
15493,5
15496,5
15497,5
15503,5
15505,5
15508,5
15510,5
15512,5
15513,5
15514,5
15518,5
15522,5
15524,5
15527,5
15528,5
15530,5
15532,5
15534,5
15536,5
15537,5
15541,5
15542,5
15545,5
15549,5
15550,5
15552,5
15553,5
15555,5
15558,5
15559,5
15561,5
15562,5
15563,5
15564,5
15565,5
15566,5
15567,5
15572,5
15577,5
15578,5
15579,5
15581,5
15582,5
15583,5
15586,5
15587,5
15588,5
15589,5
15593,5
15594,5
15595,5
15597,5
15598,5
15600,5
15601,5
15608,5
15609,5
15615,5
15620,5
15621,5
15622,5
15624,5
15625,5
15627,5
15628,5
15629,5
15630,5
15632,5
15633,5
15634,5
15637,5
15640,5
15644,5
15645,5
15646,5
15649,5
15652,5
15653,5
15658,5
15661,5
15665,5
15666,5
15667,5
15671,5
15677,5
15678,5
15679,5
15680,5
15681,5
15682,5
15683,5
15685,5
15686,5
15687,5
15688,5
15695,5
15696,5
15698,5
15702,5
15706,5
15708,5
15709,5
15711,5
15716,5
15721,5
15723,5
15729,5
15733,5
15735,5
15736,5
15737,5
15738,5
15740,5
15745,5
15746,5
15748,5
15753,5
15755,5
15757,5
15759,5
15761,5
15762,5
15764,5
15765,5
15766,5
15768,5
15770,5
15771,5
15774,5
15775,5
15778,5
15779,5
15780,5
15783,5
15786,5
15787,5
15788,5
15791,5
15796,5
15800,5
15802,5
15803,5
15805,5
15806,5
15807,5
15808,5
15809,5
15810,5
15814,5
15817,5
15818,5
15819,5
15820,5
15823,5
15824,5
15825,5
15826,5
15828,5
15837,5
15838,5
15839,5
15841,5
15844,5
15846,5
15851,5
15853,5
15858,5
15860,5
15861,5
15863,5
15867,5
15870,5
15871,5
15872,5
15876,5
15879,5
15881,5
15882,5
15884,5
15887,5
15889,5
15894,5
15897,5
15899,5
15901,5
15902,5
15904,5
15906,5
15907,5
15908,5
15909,5
15911,5
15912,5
15914,5
15915,5
15916,5
15918,5
15922,5
15923,5
15924,5
15932,5
15933,5
15934,5
15939,5
15942,5
15943,5
15944,5
15945,5
15946,5
15947,5
15948,5
15951,5
15952,5
15953,5
15954,5
15955,5
15961,5
15962,5
15964,5
15967,5
15970,5
15971,5
15974,5
15976,5
15979,5
15982,5
15984,5
15986,5
15988,5
15989,5
15993,5
15994,5
15995,5
15997,5
15998,5
15999,5
16000,5
16001,5
16003,5
16004,5
16012,5
16013,5
16014,5
16015,5
16019,5
16020,5
16023,5
16025,5
16032,5
16033,5
16035,5
16036,5
16037,5
16042,5
16044,5
16045,5
16046,5
16047,5
16048,5
16050,5
16051,5
16052,5
16054,5
16057,5
16059,5
16060,5
16061,5
16062,5
16063,5
16065,5
16068,5
16069,5
16070,5
16073,5
16076,5
16077,5
16078,5
16080,5
16081,5
16082,5
16083,5
16084,5
16085,5
16087,5
16091,5
16092,5
16095,5
16096,5
16099,5
16101,5
16104,5
16106,5
16107,5
16108,5
16109,5
16111,5
16115,5
16116,5
16118,5
16119,5
16120,5
16122,5
16127,5
16129,5
16130,5
16133,5
16135,5
16136,5
16138,5
16139,5
16140,5
16141,5
16143,5
16144,5
16146,5
16147,5
16150,5
16151,5
16153,5
16155,5
16156,5
16157,5
16158,5
16161,5
16164,5
16166,5
16168,5
16170,5
16173,5
16175,5
16176,5
16177,5
16178,5
16179,5
16180,5
16182,5
16184,5
16185,5
16190,5
16191,5
16194,5
16195,5
16197,5
16199,5
16200,5
16203,5
16206,5
16207,5
16211,5
16212,5
16217,5
16218,5
16221,5
16222,5
16224,5
16225,5
16226,5
16228,5
16230,5
16231,5
16233,5
16234,5
16236,5
16238,5
16240,5
16243,5
16244,5
16248,5
16249,5
16253,5
16254,5
16256,5
16257,5
16258,5
16262,5
16264,5
16265,5
16266,5
16272,5
16274,5
16275,5
16276,5
16277,5
16281,5
16283,5
16284,5
16285,5
16288,5
16292,5
16294,5
16295,5
16296,5
16297,5
16298,5
16299,5
16303,5
16305,5
16307,5
16308,5
16310,5
16311,5
16312,5
16317,5
16322,5
16323,5
16324,5
16327,5
16328,5
16330,5
16331,5
16332,5
16333,5
16337,5
16338,5
16339,5
16341,5
16347,5
16348,5
16349,5
16356,5
16357,5
16358,5
16359,5
16362,5
16363,5
16365,5
16366,5
16368,5
16369,5
16370,5
16373,5
16374,5
16379,5
16382,5
16384,5
16385,5
16386,5
16387,5
16388,5
16392,5
16393,5
16394,5
16396,5
16398,5
16399,5
16400,5
16401,5
16408,5
16409,5
16411,5
16413,5
16415,5
16419,5
16420,5
16421,5
16423,5
16424,5
16425,5
16427,5
16428,5
16431,5
16432,5
16434,5
16435,5
16437,5
16438,5
16439,5
16440,5
16444,5
16449,5
16452,5
16453,5
16456,5
16458,5
16462,5
16463,5
16465,5
16470,5
16471,5
16472,5
16473,5
16474,5
16475,5
16476,5
16480,5
16481,5
16483,5
16485,5
16486,5
16487,5
16492,5
16497,5
16498,5
16499,5
16500,5
16501,5
16502,5
16505,5
16506,5
16508,5
16509,5
16510,5
16511,5
16513,5
16517,5
16518,5
16520,5
16523,5
16524,5
16525,5
16528,5
16529,5
16530,5
16531,5
16532,5
16533,5
16535,5
16536,5
16537,5
16538,5
16541,5
16543,5
16544,5
16545,5
16548,5
16551,5
16553,5
16554,5
16559,5
16563,5
16565,5
16566,5
16568,5
16571,5
16572,5
16574,5
16576,5
16577,5
16582,5
16584,5
16587,5
16588,5
16589,5
16590,5
16591,5
16592,5
16593,5
16595,5
16596,5
16598,5
16604,5
16605,5
16606,5
16613,5
16619,5
16620,5
16622,5
16623,5
16627,5
16628,5
16631,5
16635,5
16636,5
16641,5
16644,5
16645,5
16651,5
16656,5
16657,5
16660,5
16666,5
16669,5
16670,5
16672,5
16674,5
16679,5
16680,5
16681,5
16682,5
16687,5
16689,5
16693,5
16694,5
16697,5
16699,5
16702,5
16704,5
16706,5
16708,5
16709,5
16711,5
16715,5
16716,5
16717,5
16719,5
16720,5
16721,5
16722,5
16723,5
16725,5
16728,5
16730,5
16732,5
16735,5
16737,5
16738,5
16739,5
16742,5
16743,5
16746,5
16750,5
16751,5
16755,5
16757,5
16759,5
16763,5
16765,5
16767,5
16769,5
16770,5
16772,5
16773,5
16774,5
16778,5
16780,5
16781,5
16782,5
16785,5
16786,5
16790,5
16791,5
16792,5
16795,5
16796,5
16797,5
16798,5
16799,5
16800,5
16802,5
16806,5
16812,5
16814,5
16817,5
16818,5
16820,5
16821,5
16823,5
16824,5
16825,5
16826,5
16828,5
16830,5
16835,5
16836,5
16840,5
16841,5
16850,5
16851,5
16855,5
16856,5
16858,5
16860,5
16861,5
16862,5
16867,5
16868,5
16869,5
16870,5
16873,5
16875,5
16878,5
16885,5
16886,5
16887,5
16888,5
16890,5
16892,5
16893,5
16894,5
16896,5
16899,5
16901,5
16902,5
16907,5
16908,5
16909,5
16913,5
16917,5
16919,5
16921,5
16922,5
16923,5
16924,5
16925,5
16926,5
16928,5
16931,5
16932,5
16933,5
16934,5
16935,5
16940,5
16945,5
16946,5
16947,5
16948,5
16949,5
16951,5
16952,5
16953,5
16954,5
16955,5
16956,5
16959,5
16962,5
16963,5
16966,5
16967,5
16969,5
16974,5
16977,5
16978,5
16979,5
16982,5
16983,5
16984,5
16988,5
16992,5
16993,5
16994,5
16996,5
16999,5
17000,5
17001,5
17003,5
17007,5
17008,5
17009,5
17010,5
17011,5
17012,5
17015,5
17016,5
17018,5
17019,5
17020,5
17033,5
17034,5
17036,5
17042,5
17043,5
17044,5
17048,5
17049,5
17051,5
17052,5
17054,5
17055,5
17057,5
17058,5
17060,5
17066,5
17068,5
17070,5
17072,5
17075,5
17077,5
17081,5
17083,5
17088,5
17089,5
17092,5
17095,5
17099,5
17100,5
17101,5
17104,5
17105,5
17106,5
17107,5
17108,5
17109,5
17111,5
17112,5
17113,5
17114,5
17115,5
17116,5
17117,5
17118,5
17120,5
17125,5
17126,5
17127,5
17128,5
17131,5
17134,5
17135,5
17136,5
17140,5
17141,5
17142,5
17145,5
17148,5
17150,5
17151,5
17153,5
17158,5
17161,5
17162,5
17164,5
17165,5
17166,5
17167,5
17168,5
17171,5
17173,5
17175,5
17176,5
17178,5
17179,5
17181,5
17186,5
17188,5
17189,5
17190,5
17191,5
17194,5
17197,5
17198,5
17200,5
17205,5
17209,5
17210,5
17213,5
17215,5
17219,5
17224,5
17225,5
17228,5
17229,5
17230,5
17231,5
17232,5
17236,5
17238,5
17240,5
17241,5
17243,5
17246,5
17248,5
17250,5
17252,5
17253,5
17254,5
17255,5
17256,5
17260,5
17263,5
17264,5
17265,5
17266,5
17267,5
17268,5
17269,5
17271,5
17272,5
17273,5
17278,5
17281,5
17286,5
17290,5
17294,5
17296,5
17298,5
17299,5
17300,5
17302,5
17303,5
17304,5
17305,5
17306,5
17309,5
17311,5
17312,5
17313,5
17314,5
17321,5
17322,5
17323,5
17324,5
17326,5
17331,5
17333,5
17335,5
17337,5
17338,5
17342,5
17343,5
17347,5
17348,5
17349,5
17350,5
17351,5
17352,5
17353,5
17354,5
17355,5
17358,5
17359,5
17360,5
17361,5
17366,5
17368,5
17369,5
17370,5
17372,5
17373,5
17375,5
17376,5
17377,5
17379,5
17380,5
17381,5
17384,5
17385,5
17388,5
17389,5
17392,5
17395,5
17397,5
17398,5
17399,5
17402,5
17405,5
17406,5
17407,5
17408,5
17410,5
17413,5
17414,5
17415,5
17419,5
17420,5
17421,5
17423,5
17430,5
17434,5
17435,5
17436,5
17437,5
17438,5
17442,5
17448,5
17451,5
17452,5
17454,5
17457,5
17460,5
17463,5
17464,5
17465,5
17467,5
17468,5
17469,5
17470,5
17471,5
17472,5
17475,5
17482,5
17483,5
17485,5
17486,5
17487,5
17488,5
17489,5
17493,5
17494,5
17495,5
17497,5
17498,5
17499,5
17501,5
17502,5
17505,5
17510,5
17511,5
17513,5
17516,5
17521,5
17523,5
17525,5
17526,5
17527,5
17528,5
17529,5
17531,5
17532,5
17536,5
17537,5
17539,5
17548,5
17550,5
17553,5
17554,5
17556,5
17559,5
17561,5
17566,5
17567,5
17568,5
17571,5
17573,5
17577,5
17579,5
17580,5
17581,5
17582,5
17585,5
17587,5
17590,5
17592,5
17593,5
17595,5
17599,5
17600,5
17601,5
17602,5
17604,5
17606,5
17607,5
17609,5
17610,5
17611,5
17613,5
17615,5
17617,5
17619,5
17620,5
17621,5
17623,5
17627,5
17628,5
17634,5
17636,5
17637,5
17639,5
17641,5
17642,5
17650,5
17651,5
17653,5
17655,5
17661,5
17663,5
17664,5
17665,5
17666,5
17667,5
17669,5
17670,5
17671,5
17673,5
17674,5
17676,5
17677,5
17678,5
17681,5
17682,5
17685,5
17689,5
17691,5
17692,5
17693,5
17696,5
17698,5
17701,5
17702,5
17704,5
17706,5
17707,5
17709,5
17711,5
17713,5
17717,5
17721,5
17722,5
17725,5
17727,5
17731,5
17734,5
17737,5
17738,5
17739,5
17743,5
17747,5
17748,5
17749,5
17750,5
17752,5
17753,5
17755,5
17762,5
17763,5
17771,5
17775,5
17777,5
17778,5
17779,5
17780,5
17781,5
17783,5
17784,5
17788,5
17789,5
17791,5
17793,5
17794,5
17795,5
17798,5
17799,5
17800,5
17801,5
17802,5
17803,5
17805,5
17812,5
17813,5
17815,5
17817,5
17818,5
17820,5
17822,5
17824,5
17825,5
17832,5
17833,5
17835,5
17838,5
17839,5
17840,5
17844,5
17845,5
17850,5
17852,5
17853,5
17855,5
17856,5
17857,5
17859,5
17861,5
17863,5
17864,5
17865,5
17868,5
17869,5
17870,5
17871,5
17872,5
17875,5
